open,high,low,close,volume,adj_high,adj_low,adj_close,adj_open,adj_volume,split_factor,dividend,symbol,exchange,date,month,year,day,day_of_week,quarter,dateClean
613.07,616.205,605.86,611.43,6370303.0,,,611.43,,,1.0,0.0,VOO,ARCX,2025-10-15T00:00:00+0000,10,2025,15,2,4,2025-10-15
604.2,612.14,600.51,608.75,7483600.0,612.14,600.51,608.75,604.2,7493479.0,1.0,0.0,VOO,ARCX,2025-10-14T00:00:00+0000,10,2025,14,1,4,2025-10-14
607.37,611.03,606.58,609.61,6955600.0,611.0272,606.575,609.61,607.37,6968434.0,1.0,0.0,VOO,ARCX,2025-10-13T00:00:00+0000,10,2025,13,0,4,2025-10-13
617.99,619.6,600.23,600.51,13600000.0,619.6,600.23,600.51,617.99,13664157.0,1.0,0.0,VOO,ARCX,2025-10-10T00:00:00+0000,10,2025,10,4,4,2025-10-10
619.23,619.59,615.28,617.1,5891900.0,619.59,615.28,617.1,619.23,5898496.0,1.0,0.0,VOO,ARCX,2025-10-09T00:00:00+0000,10,2025,9,3,4,2025-10-09
616.22,618.9,615.46,618.77,5022700.0,618.9,615.4642,618.77,616.215,5035243.0,1.0,0.0,VOO,ARCX,2025-10-08T00:00:00+0000,10,2025,8,2,4,2025-10-08
618.3,618.74,613.82,615.2,7454400.0,618.7393,613.82,615.2,618.3,7466277.0,1.0,0.0,VOO,ARCX,2025-10-07T00:00:00+0000,10,2025,7,1,4,2025-10-07
617.46,618.28,615.48,617.4,6037800.0,618.28,615.48,617.4,617.46,6056437.0,1.0,0.0,VOO,ARCX,2025-10-06T00:00:00+0000,10,2025,6,0,4,2025-10-06
615.95,618.42,614.29,615.3,7204500.0,618.42,614.288,615.3,615.95,7210689.0,1.0,0.0,VOO,ARCX,2025-10-03T00:00:00+0000,10,2025,3,4,4,2025-10-03
616.41,616.48,613.02,615.25,7130200.0,616.48,613.02,615.25,616.41,7139472.0,1.0,0.0,VOO,ARCX,2025-10-02T00:00:00+0000,10,2025,2,3,4,2025-10-02
609.7,615.39,609.57,614.57,10011400.0,615.39,609.57,614.57,609.7,10019981.0,1.0,0.0,VOO,ARCX,2025-10-01T00:00:00+0000,10,2025,1,2,4,2025-10-01
609.43,612.86,608.27,612.38,6503800.0,612.86,608.27,612.38,609.43,6515666.0,1.0,0.0,VOO,ARCX,2025-09-30T00:00:00+0000,9,2025,30,1,3,2025-09-30
610.79,611.68,608.48,610.13,5646400.0,611.68,608.48,610.13,610.79,5658835.0,1.0,0.0,VOO,ARCX,2025-09-29T00:00:00+0000,9,2025,29,0,3,2025-09-29
608.03,610.7,606.57,610.16,6435800.0,610.7,606.565,610.16,608.03,6438634.0,1.0,0.0,VOO,ARCX,2025-09-26T00:00:00+0000,9,2025,26,4,3,2025-09-26
606.62,607.93,603.35,606.59,6955800.0,607.93,603.35,606.59,606.62,6965655.0,1.0,0.0,VOO,ARCX,2025-09-25T00:00:00+0000,9,2025,25,3,3,2025-09-25
612.63,612.74,608.19,609.5,23780800.0,612.74,608.19,609.5,612.63,23787299.0,1.0,0.0,VOO,ARCX,2025-09-24T00:00:00+0000,9,2025,24,2,3,2025-09-24
614.71,615.26,610.34,611.54,10744200.0,615.26,610.341,611.54,614.705,10752999.0,1.0,0.0,VOO,ARCX,2025-09-23T00:00:00+0000,9,2025,23,1,3,2025-09-23
610.52,615.22,610.51,614.76,11570600.0,615.22,610.51,614.76,610.52,11583809.0,1.0,0.0,VOO,ARCX,2025-09-22T00:00:00+0000,9,2025,22,0,3,2025-09-22
610.62,612.67,608.85,611.78,6057300.0,612.67,608.85,611.78,610.62,6065655.0,1.0,0.0,VOO,ARCX,2025-09-19T00:00:00+0000,9,2025,19,4,3,2025-09-19
608.55,611.31,607.07,608.94,11042500.0,611.31,607.07,608.94,608.55,11057536.0,1.0,0.0,VOO,ARCX,2025-09-18T00:00:00+0000,9,2025,18,3,3,2025-09-18
606.84,608.33,601.55,606.09,11599500.0,608.33,601.55,606.09,606.84,11613628.0,1.0,0.0,VOO,ARCX,2025-09-17T00:00:00+0000,9,2025,17,2,3,2025-09-17
608.16,608.42,606.06,606.79,6382200.0,608.42,606.0609,606.79,608.16,6393185.0,1.0,0.0,VOO,ARCX,2025-09-16T00:00:00+0000,9,2025,16,1,3,2025-09-16
606.47,607.77,606.2,607.59,7705000.0,607.77,606.2,607.59,606.47,7710693.0,1.0,0.0,VOO,ARCX,2025-09-15T00:00:00+0000,9,2025,15,0,3,2025-09-15
604.59,605.98,603.95,604.44,8124900.0,605.98,603.95,604.44,604.59,8130498.0,1.0,0.0,VOO,ARCX,2025-09-12T00:00:00+0000,9,2025,12,4,3,2025-09-12
601.43,605.23,600.89,604.57,9101200.0,605.23,600.89,604.57,601.43,9109717.0,1.0,0.0,VOO,ARCX,2025-09-11T00:00:00+0000,9,2025,11,3,3,2025-09-11
600.92,601.75,598.16,599.68,21625400.0,601.75,598.16,599.68,600.92,21641066.0,1.0,0.0,VOO,ARCX,2025-09-10T00:00:00+0000,9,2025,10,2,3,2025-09-10
596.61,598.37,595.01,597.95,7831900.0,598.37,595.01,597.95,596.61,7844787.0,1.0,0.0,VOO,ARCX,2025-09-09T00:00:00+0000,9,2025,9,1,3,2025-09-09
596.31,597.41,595.03,596.5,9465000.0,597.41,595.03,596.5,596.31,9472235.0,1.0,0.0,VOO,ARCX,2025-09-08T00:00:00+0000,9,2025,8,0,3,2025-09-08
598.91,599.6,591.45,594.96,6631000.0,599.6,591.45,594.96,598.91,6641512.0,1.0,0.0,VOO,ARCX,2025-09-05T00:00:00+0000,9,2025,5,4,3,2025-09-05
592.47,596.77,591.6,596.59,8035900.0,596.77,591.6,596.59,592.47,8045575.0,1.0,0.0,VOO,ARCX,2025-09-04T00:00:00+0000,9,2025,4,3,3,2025-09-04
590.81,592.23,588.78,591.72,8198600.0,592.23,588.78,591.72,590.81,6663405.0,1.0,0.0,VOO,ARCX,2025-09-03T00:00:00+0000,9,2025,3,2,3,2025-09-03
586.06,588.8,583.67,588.71,11100100.0,588.8,583.67,588.71,586.06,11116704.0,1.0,0.0,VOO,ARCX,2025-09-02T00:00:00+0000,9,2025,2,1,3,2025-09-02
595.24,595.55,591.245,593.08,7512032.0,595.55,591.245,593.08,595.24,7512032.0,1.0,0.0,VOO,ARCX,2025-08-29T00:00:00+0000,8,2025,29,4,3,2025-08-29
595.07,597.065,593.27,596.52,5002053.0,597.07,593.27,596.52,595.07,5058689.0,1.0,0.0,VOO,ARCX,2025-08-28T00:00:00+0000,8,2025,28,3,3,2025-08-28
592.52,595.14,592.44,594.42,6161700.0,595.14,592.44,594.42,592.52,6171422.0,1.0,0.0,VOO,ARCX,2025-08-27T00:00:00+0000,8,2025,27,2,3,2025-08-27
590.38,593.43,589.79,593.06,4769000.0,593.43,589.795,593.06,590.38,4776577.0,1.0,0.0,VOO,ARCX,2025-08-26T00:00:00+0000,8,2025,26,1,3,2025-08-26
592.05,593.23,590.55,590.7,6476700.0,593.2299,590.55,590.7,592.05,6483035.0,1.0,0.0,VOO,ARCX,2025-08-25T00:00:00+0000,8,2025,25,0,3,2025-08-25
586.27,594.32,585.84,593.21,6379600.0,594.32,585.84,593.21,586.27,6389278.0,1.0,0.0,VOO,ARCX,2025-08-22T00:00:00+0000,8,2025,22,4,3,2025-08-22
584.93,586.46,582.65,584.27,4794500.0,586.46,582.65,584.27,584.93,4807277.0,1.0,0.0,VOO,ARCX,2025-08-21T00:00:00+0000,8,2025,21,3,3,2025-08-21
587.81,588.0,581.85,586.58,7065000.0,588.0,581.85,586.58,587.81,7113572.0,1.0,0.0,VOO,ARCX,2025-08-20T00:00:00+0000,8,2025,20,2,3,2025-08-20
591.25,592.12,586.94,588.13,6718500.0,592.12,586.94,588.13,591.25,6739284.0,1.0,0.0,VOO,ARCX,2025-08-19T00:00:00+0000,8,2025,19,1,3,2025-08-19
590.98,591.95,590.36,591.36,5287507.0,592.02,590.35,591.36,590.98,5311743.0,1.0,0.0,VOO,ARCX,2025-08-18T00:00:00+0000,8,2025,18,0,3,2025-08-18
593.86,593.95,590.66,591.57,7188100.0,593.95,590.66,591.57,593.86,7196315.0,1.0,0.0,VOO,ARCX,2025-08-15T00:00:00+0000,8,2025,15,4,3,2025-08-15
590.92,593.51,590.5,592.85,6227800.0,593.51,590.5,592.85,590.92,6236666.0,1.0,0.0,VOO,ARCX,2025-08-14T00:00:00+0000,8,2025,14,3,3,2025-08-14
592.86,594.03,590.81,592.84,5384000.0,594.03,590.81,592.84,592.86,5392973.0,1.0,0.0,VOO,ARCX,2025-08-13T00:00:00+0000,8,2025,13,2,3,2025-08-13
586.75,590.96,585.43,590.78,5851900.0,590.96,585.435,590.78,586.75,5874245.0,1.0,0.0,VOO,ARCX,2025-08-12T00:00:00+0000,8,2025,12,1,3,2025-08-12
586.03,587.36,583.44,584.54,5366300.0,587.36,583.44,584.54,586.03,5373949.0,1.0,0.0,VOO,ARCX,2025-08-11T00:00:00+0000,8,2025,11,0,3,2025-08-11
582.93,586.17,582.6,585.74,4331400.0,586.17,582.6,585.74,582.93,4342341.0,1.0,0.0,VOO,ARCX,2025-08-08T00:00:00+0000,8,2025,8,4,3,2025-08-08
584.87,585.52,578.31,581.29,4584600.0,585.52,578.3127,581.29,584.87,4594260.0,1.0,0.0,VOO,ARCX,2025-08-07T00:00:00+0000,8,2025,7,3,3,2025-08-07
578.25,582.27,577.41,581.64,4514300.0,582.27,577.41,581.64,578.25,4545015.0,1.0,0.0,VOO,ARCX,2025-08-06T00:00:00+0000,8,2025,6,2,3,2025-08-06
580.79,581.5,576.4,577.35,4629500.0,581.5,576.4,577.35,580.79,4647381.0,1.0,0.0,VOO,ARCX,2025-08-05T00:00:00+0000,8,2025,5,1,3,2025-08-05
575.17,580.21,575.08,580.14,6628200.0,580.21,575.08,580.14,575.17,6640089.0,1.0,0.0,VOO,ARCX,2025-08-04T00:00:00+0000,8,2025,4,0,3,2025-08-04
575.73,575.74,569.29,571.45,8771900.0,575.74,569.29,571.45,575.73,8781254.0,1.0,0.0,VOO,ARCX,2025-08-01T00:00:00+0000,8,2025,1,4,3,2025-08-01
587.83,588.16,579.84,581.02,7007900.0,588.161445,579.84,581.02,587.83,7046843.0,1.0,0.0,VOO,ARCX,2025-07-31T00:00:00+0000,7,2025,31,3,3,2025-07-31
584.66,586.15,580.55,583.21,6944200.0,586.15,580.55,583.21,584.66,6974729.0,1.0,0.0,VOO,ARCX,2025-07-30T00:00:00+0000,7,2025,30,2,3,2025-07-30
586.82,587.08,583.12,583.92,5044000.0,587.08,583.12,583.92,586.82,5053447.0,1.0,0.0,VOO,ARCX,2025-07-29T00:00:00+0000,7,2025,29,1,3,2025-07-29
586.04,586.5,584.24,585.44,4187000.0,586.5,584.24,585.44,586.04,4193101.0,1.0,0.0,VOO,ARCX,2025-07-28T00:00:00+0000,7,2025,28,0,3,2025-07-28
583.81,586.04,583.59,585.58,4204800.0,586.04,583.59,585.58,583.81,4210090.0,1.0,0.0,VOO,ARCX,2025-07-25T00:00:00+0000,7,2025,25,4,3,2025-07-25
583.34,584.6999,582.79,583.26,3799647.0,584.75,582.72,583.26,583.34,3840901.0,1.0,0.0,VOO,ARCX,2025-07-24T00:00:00+0000,7,2025,24,3,3,2025-07-24
580.57,582.9498,578.877,582.86,4197525.0,582.96,578.87,582.86,580.57,4257345.0,1.0,0.0,VOO,ARCX,2025-07-23T00:00:00+0000,7,2025,23,2,3,2025-07-23
578.28,578.84,575.64,577.95,4757100.0,578.84,575.64,577.95,578.28,4767703.0,1.0,0.0,VOO,ARCX,2025-07-22T00:00:00+0000,7,2025,22,1,3,2025-07-22
577.98,580.53,577.59,577.95,5553213.0,580.53,577.59,577.95,577.98,5913837.0,1.0,0.0,VOO,ARCX,2025-07-21T00:00:00+0000,7,2025,21,0,3,2025-07-21
578.47,578.5,575.84,576.92,4256200.0,578.5,575.84,576.92,578.47,4262378.0,1.0,0.0,VOO,ARCX,2025-07-18T00:00:00+0000,7,2025,18,4,3,2025-07-18
574.02,577.65,573.8,577.18,6460700.0,577.65,573.8,577.18,574.02,6495346.0,1.0,0.0,VOO,ARCX,2025-07-17T00:00:00+0000,7,2025,17,3,3,2025-07-17
573.4,574.2575,568.2,573.74,6125770.0,574.26,568.17,573.74,573.4,6141184.0,1.0,0.0,VOO,ARCX,2025-07-16T00:00:00+0000,7,2025,16,2,3,2025-07-16
576.85,577.16,571.85,571.86,5355161.0,577.16,571.85,571.86,576.85,5398956.0,1.0,0.0,VOO,ARCX,2025-07-15T00:00:00+0000,7,2025,15,1,3,2025-07-15
572.85,574.68,571.58,574.35,4737700.0,574.679,571.58,574.35,572.85,4747041.0,1.0,0.0,VOO,ARCX,2025-07-14T00:00:00+0000,7,2025,14,0,3,2025-07-14
572.45,574.38,571.37,573.22,4425200.0,574.3757,571.37,573.22,572.45,4428852.0,1.0,0.0,VOO,ARCX,2025-07-11T00:00:00+0000,7,2025,11,4,3,2025-07-11
573.78,576.26,572.7091,575.29,4930942.0,576.26,572.7,575.29,573.78,4961691.0,1.0,0.0,VOO,ARCX,2025-07-10T00:00:00+0000,7,2025,10,3,3,2025-07-10
572.46,574.2469,570.76,573.61,5978493.0,574.26,570.76,573.61,572.46,7156477.0,1.0,0.0,VOO,ARCX,2025-07-09T00:00:00+0000,7,2025,9,2,3,2025-07-09
571.15,571.83,569.48,570.23,6932200.0,571.83,569.48,570.23,571.15,6944624.0,1.0,0.0,VOO,ARCX,2025-07-08T00:00:00+0000,7,2025,8,1,3,2025-07-08
573.0,573.59,567.99,570.61,6193622.0,573.59,567.98,570.61,573.0,6417829.0,1.0,0.0,VOO,ARCX,2025-07-07T00:00:00+0000,7,2025,7,0,3,2025-07-07
572.18,575.67,572.13,575.22,4836962.0,575.67,572.13,575.22,572.18,4836962.0,1.0,0.0,VOO,ARCX,2025-07-03T00:00:00+0000,7,2025,3,3,3,2025-07-03
567.37,570.34,566.81,570.29,6164018.0,570.34,566.81,570.29,567.37,6164018.0,1.0,0.0,VOO,ARCX,2025-07-02T00:00:00+0000,7,2025,2,2,3,2025-07-02
566.56,568.8,565.8,567.77,7412742.0,568.8,565.8,567.77,566.56,7412742.0,1.0,0.0,VOO,ARCX,2025-07-01T00:00:00+0000,7,2025,1,1,3,2025-07-01
567.5,569.15,565.375,568.03,5750571.0,569.15,565.375,568.03,567.5,5750571.0,1.0,1.74,VOO,ARCX,2025-06-30T00:00:00+0000,6,2025,30,0,2,2025-06-30
565.11,568.33,563.21,566.95,6026200.0,568.33,563.21,566.95,565.11,6056524.0,1.0,0.0,VOO,ARCX,2025-06-27T00:00:00+0000,6,2025,27,4,2,2025-06-27
561.52,564.55,560.97,564.15,5848203.0,564.55,560.96,564.15,561.52,6081444.0,1.0,0.0,VOO,ARCX,2025-06-26T00:00:00+0000,6,2025,26,3,2,2025-06-26
560.52,561.02,558.34,559.72,16457700.0,561.02,558.34,559.72,560.52,16472305.0,1.0,0.0,VOO,ARCX,2025-06-25T00:00:00+0000,6,2025,25,2,2,2025-06-25
557.18,560.42,556.37,559.44,6742815.0,560.43,556.37,559.44,557.18,6770036.0,1.0,0.0,VOO,ARCX,2025-06-24T00:00:00+0000,6,2025,24,1,2,2025-06-24
548.66,553.7,545.75,553.36,9719000.0,553.7,545.75,553.36,548.66,9820188.0,1.0,0.0,VOO,ARCX,2025-06-23T00:00:00+0000,6,2025,23,0,2,2025-06-23
551.72,552.72,546.62,547.72,9978477.0,552.72,546.62,547.72,551.72,9978477.0,1.0,0.0,VOO,ARCX,2025-06-20T00:00:00+0000,6,2025,20,4,2,2025-06-20
550.16,552.71,548.39,549.24,4585400.0,552.71,548.39,549.24,550.16,4602329.0,1.0,0.0,VOO,ARCX,2025-06-18T00:00:00+0000,6,2025,18,2,2,2025-06-18
551.79,553.16,548.64,549.35,4731700.0,553.16,548.635,549.35,551.79,4753344.0,1.0,0.0,VOO,ARCX,2025-06-17T00:00:00+0000,6,2025,17,1,2,2025-06-17
551.94,555.66,551.9,554.07,5714431.0,555.69,551.87,554.07,551.94,7421327.0,1.0,0.0,VOO,ARCX,2025-06-16T00:00:00+0000,6,2025,16,0,2,2025-06-16
550.24,553.25,547.41,548.77,7091900.0,553.245,547.41,548.77,550.24,7100626.0,1.0,0.0,VOO,ARCX,2025-06-13T00:00:00+0000,6,2025,13,4,2,2025-06-13
551.6,555.0,551.132,554.95,8382626.0,555.0,551.1322,554.95,551.6,8422943.0,1.0,0.0,VOO,ARCX,2025-06-12T00:00:00+0000,6,2025,12,3,2,2025-06-12
555.41,556.225,550.912,552.86,20777515.0,556.225,550.91,552.86,555.41,20800557.0,1.0,0.0,VOO,ARCX,2025-06-11T00:00:00+0000,6,2025,11,2,2,2025-06-11
551.78,554.74,550.75,554.39,5243960.0,554.74,550.74,554.39,551.78,5984087.0,1.0,0.0,VOO,ARCX,2025-06-10T00:00:00+0000,6,2025,10,1,2,2025-06-10
551.3,552.7,550.2,551.25,4504831.0,552.7,550.2,551.25,551.3,4516381.0,1.0,0.0,VOO,ARCX,2025-06-09T00:00:00+0000,6,2025,9,0,2,2025-06-09
550.3,552.32,548.7,550.66,4728500.0,552.32,548.6999,550.66,550.3,4735972.0,1.0,0.0,VOO,ARCX,2025-06-06T00:00:00+0000,6,2025,6,4,2,2025-06-06
549.48,550.62,543.3375,545.09,6149945.0,550.63,543.3375,545.09,549.48,6387510.0,1.0,0.0,VOO,ARCX,2025-06-05T00:00:00+0000,6,2025,5,3,2,2025-06-05
548.75,549.6477,547.4426,547.65,4399173.0,549.65,547.4426,547.65,548.75,4543355.0,1.0,0.0,VOO,ARCX,2025-06-04T00:00:00+0000,6,2025,4,2,2,2025-06-04
544.53,548.865,544.09,548.0,4979779.0,548.87,544.09,548.0,544.53,4993615.0,1.0,0.0,VOO,ARCX,2025-06-03T00:00:00+0000,6,2025,3,1,2,2025-06-03
540.25,544.91,537.851,544.91,5756307.0,544.91,537.8,544.91,540.25,5933526.0,1.0,0.0,VOO,ARCX,2025-06-02T00:00:00+0000,6,2025,2,0,2,2025-06-02
541.35,543.39,536.16,541.76,6166200.0,543.39,536.16,541.76,541.35,6171491.0,1.0,0.0,VOO,ARCX,2025-05-30T00:00:00+0000,5,2025,30,4,2,2025-05-30
545.15,545.28,538.74,542.32,4659500.0,545.28,538.74,542.32,545.15,4668939.0,1.0,0.0,VOO,ARCX,2025-05-29T00:00:00+0000,5,2025,29,3,2,2025-05-29
543.79,544.88,539.62,540.24,4841551.0,544.9,539.61,540.24,543.79,4910507.0,1.0,0.0,VOO,ARCX,2025-05-28T00:00:00+0000,5,2025,28,2,2,2025-05-28
538.72,543.52,537.19,543.34,6097598.0,543.52,537.18,543.34,538.72,6118091.0,1.0,0.0,VOO,ARCX,2025-05-27T00:00:00+0000,5,2025,27,1,2,2025-05-27
529.43,534.8099,529.11,532.4,6455875.0,534.8099,529.11,532.4,529.43,6455875.0,1.0,0.0,VOO,ARCX,2025-05-23T00:00:00+0000,5,2025,23,4,2,2025-05-23
535.6,539.23,534.44,536.02,5804400.0,539.225,534.44,536.02,535.6,5816572.0,1.0,0.0,VOO,ARCX,2025-05-22T00:00:00+0000,5,2025,22,3,2,2025-05-22
540.91,544.69,534.82,535.77,6314200.0,544.6905,534.82,535.77,540.91,6339491.0,1.0,0.0,VOO,ARCX,2025-05-21T00:00:00+0000,5,2025,21,2,2,2025-05-21
545.22,546.06,541.99,544.88,7147600.0,546.06,541.99,544.88,545.22,7158205.0,1.0,0.0,VOO,ARCX,2025-05-20T00:00:00+0000,5,2025,20,1,2,2025-05-20
540.63,547.45,540.585,546.82,6341383.0,547.45,540.58,546.82,540.63,7766058.0,1.0,0.0,VOO,ARCX,2025-05-19T00:00:00+0000,5,2025,19,0,2,2025-05-19
543.47,546.47,541.7,546.26,7201100.0,546.47,541.7,546.26,543.47,7255342.0,1.0,0.0,VOO,ARCX,2025-05-16T00:00:00+0000,5,2025,16,4,2,2025-05-16
538.26,543.25,537.84,542.76,7354600.0,543.2489,537.84,542.76,538.26,7362193.0,1.0,0.0,VOO,ARCX,2025-05-15T00:00:00+0000,5,2025,15,3,2,2025-05-15
540.37,541.42,538.24,540.11,5011400.0,541.42,538.24,540.11,540.37,5031301.0,1.0,0.0,VOO,ARCX,2025-05-14T00:00:00+0000,5,2025,14,2,2,2025-05-14
536.33,541.48,535.78,539.44,7346800.0,541.48,535.78,539.44,536.33,7356804.0,1.0,0.0,VOO,ARCX,2025-05-13T00:00:00+0000,5,2025,13,1,2,2025-05-13
534.5,535.92,530.39,535.92,7718886.0,535.92,530.39,535.92,534.5,7793576.0,1.0,0.0,VOO,ARCX,2025-05-12T00:00:00+0000,5,2025,12,0,2,2025-05-12
520.69,521.63,517.36,518.65,4725100.0,521.6306,517.36,518.65,520.69,4739506.0,1.0,0.0,VOO,ARCX,2025-05-09T00:00:00+0000,5,2025,9,4,2,2025-05-09
519.54,524.2074,516.345,519.34,5065890.0,524.23,516.345,519.34,519.54,5088200.0,1.0,0.0,VOO,ARCX,2025-05-08T00:00:00+0000,5,2025,8,3,2,2025-05-08
514.92,518.08,511.1,515.9,5448379.0,518.18,511.1,515.9,514.92,5467344.0,1.0,0.0,VOO,ARCX,2025-05-07T00:00:00+0000,5,2025,7,2,2,2025-05-07
512.89,517.825,511.94,513.58,4588373.0,517.825,511.94,513.58,512.89,4694270.0,1.0,0.0,VOO,ARCX,2025-05-06T00:00:00+0000,5,2025,6,1,2,2025-05-06
517.08,520.84,516.4478,517.99,4745581.0,520.85,516.27,517.99,517.08,4793497.0,1.0,0.0,VOO,ARCX,2025-05-05T00:00:00+0000,5,2025,5,0,2,2025-05-05
519.12,522.41,516.89,520.71,6275700.0,522.41,516.89,520.71,519.12,6285390.0,1.0,0.0,VOO,ARCX,2025-05-02T00:00:00+0000,5,2025,2,4,2,2025-05-02
515.13,518.44,512.77,513.35,5428611.0,518.44,512.77,513.35,515.13,5784483.0,1.0,0.0,VOO,ARCX,2025-05-01T00:00:00+0000,5,2025,1,3,2,2025-05-01
503.26,511.5,497.76,509.74,7834700.0,511.5,497.76,509.74,503.26,7873686.0,1.0,0.0,VOO,ARCX,2025-04-30T00:00:00+0000,4,2025,30,2,2,2025-04-30
504.54,510.5497,504.26,509.49,4686575.0,510.5497,504.26,509.49,504.54,6525457.0,1.0,0.0,VOO,ARCX,2025-04-29T00:00:00+0000,4,2025,29,1,2,2025-04-29
506.81,508.6918,501.0,506.42,4179047.0,508.74,500.96,506.42,506.81,4210016.0,1.0,0.0,VOO,ARCX,2025-04-28T00:00:00+0000,4,2025,28,0,2,2025-04-28
502.44,506.52,499.75,506.11,6926500.0,506.52,499.75,506.11,502.44,6933423.0,1.0,0.0,VOO,ARCX,2025-04-25T00:00:00+0000,4,2025,25,4,2,2025-04-25
493.26,503.0,492.22,502.41,6146100.0,503.0,492.2231,502.41,493.26,6184333.0,1.0,0.0,VOO,ARCX,2025-04-24T00:00:00+0000,4,2025,24,3,2,2025-04-24
496.69,501.18,490.7,492.07,7890620.0,501.18,490.7,492.07,496.69,8047601.0,1.0,0.0,VOO,ARCX,2025-04-23T00:00:00+0000,4,2025,23,2,2,2025-04-23
478.07,486.4482,477.205,484.29,5918713.0,486.48,477.19,484.29,478.07,6236319.0,1.0,0.0,VOO,ARCX,2025-04-22T00:00:00+0000,4,2025,22,1,2,2025-04-22
479.02,479.49,467.33,472.37,7715190.0,479.49,467.33,472.37,479.02,7762501.0,1.0,0.0,VOO,ARCX,2025-04-21T00:00:00+0000,4,2025,21,0,2,2025-04-21
484.79,488.16,481.5,483.9,5638939.0,488.16,481.5,483.9,484.79,5638939.0,1.0,0.0,VOO,ARCX,2025-04-17T00:00:00+0000,4,2025,17,3,2,2025-04-17
488.65,491.765,478.23,483.23,6242110.0,491.765,478.23,483.23,488.65,6374869.0,1.0,0.0,VOO,ARCX,2025-04-16T00:00:00+0000,4,2025,16,2,2,2025-04-16
496.03,499.27,493.42,494.09,8170500.0,499.27,493.42,494.09,496.03,8200583.0,1.0,0.0,VOO,ARCX,2025-04-15T00:00:00+0000,4,2025,15,1,2,2025-04-15
500.05,500.18,490.69,495.48,7437269.0,500.26,490.69,495.48,500.05,7701488.0,1.0,0.0,VOO,ARCX,2025-04-14T00:00:00+0000,4,2025,14,0,2,2025-04-14
480.69,493.0,478.0,490.55,11525100.0,493.0,478.0,490.55,480.69,11541195.0,1.0,0.0,VOO,ARCX,2025-04-11T00:00:00+0000,4,2025,11,4,2,2025-04-11
489.15,490.29,468.33,482.06,16533480.0,490.3,468.33,482.06,489.15,16651303.0,1.0,0.0,VOO,ARCX,2025-04-10T00:00:00+0000,4,2025,10,3,2,2025-04-10
453.49,502.0612,453.16,499.1,28499321.0,502.0612,453.16,499.1,453.49,29286594.0,1.0,0.0,VOO,ARCX,2025-04-09T00:00:00+0000,4,2025,9,2,2,2025-04-09
479.68,482.48,449.6,456.74,18798412.0,482.49,449.6,456.74,479.68,19002684.0,1.0,0.0,VOO,ARCX,2025-04-08T00:00:00+0000,4,2025,8,1,2,2025-04-08
449.54,480.725,442.8,463.56,31207980.0,480.76,442.8,463.56,449.54,31285267.0,1.0,0.0,VOO,ARCX,2025-04-07T00:00:00+0000,4,2025,7,0,2,2025-04-07
481.28,483.3,464.24,465.52,30889900.0,483.3,464.24,465.52,481.28,30966508.0,1.0,0.0,VOO,ARCX,2025-04-04T00:00:00+0000,4,2025,4,4,2,2025-04-04
501.0,503.66,493.5,494.16,16174000.0,503.66,493.5,494.16,501.0,16226023.0,1.0,0.0,VOO,ARCX,2025-04-03T00:00:00+0000,4,2025,3,3,2,2025-04-03
510.14,521.46,509.9298,518.91,4681282.0,521.49,509.9298,518.91,510.14,6308643.0,1.0,0.0,VOO,ARCX,2025-04-02T00:00:00+0000,4,2025,2,2,2,2025-04-02
512.36,517.35,508.88,515.8,7697017.0,517.35,508.88,515.8,512.36,7697017.0,1.0,0.0,VOO,ARCX,2025-04-01T00:00:00+0000,4,2025,1,1,2,2025-04-01
505.31,515.33,502.64,513.91,8196668.0,515.33,502.64,513.91,505.31,8196668.0,1.0,0.0,VOO,ARCX,2025-03-31T00:00:00+0000,3,2025,31,0,1,2025-03-31
519.76,520.46,510.16,510.8,5831793.0,520.46,510.16,510.8,519.76,5831793.0,1.0,0.0,VOO,ARCX,2025-03-28T00:00:00+0000,3,2025,28,4,1,2025-03-28
521.29,524.678,519.23,521.21,5534928.0,524.678,519.23,521.21,521.29,5534928.0,1.0,1.812,VOO,ARCX,2025-03-27T00:00:00+0000,3,2025,27,3,1,2025-03-27
530.56,531.41,522.6479,522.6479,4429626.0,531.41,523.1,520.8358,530.56,4429626.0,1.0,0.0,VOO,ARCX,2025-03-26T00:00:00+0000,3,2025,26,2,1,2025-03-26
530.59,531.6,529.11,530.65,6247200.0,531.6,529.11,530.65,530.59,6260199.0,1.0,0.0,VOO,ARCX,2025-03-25T00:00:00+0000,3,2025,25,1,1,2025-03-25
526.48,530.36,525.88,529.39,8307735.0,530.39,525.88,529.39,526.48,22376267.0,1.0,0.0,VOO,ARCX,2025-03-24T00:00:00+0000,3,2025,24,0,1,2025-03-24
515.79,520.95,514.66,520.26,5053000.0,520.95,514.655,520.26,515.79,5059011.0,1.0,0.0,VOO,ARCX,2025-03-21T00:00:00+0000,3,2025,21,4,1,2025-03-21
517.96,524.615,517.33,520.13,4381289.0,524.615,517.32,520.13,517.96,6029737.0,1.0,0.0,VOO,ARCX,2025-03-20T00:00:00+0000,3,2025,20,3,1,2025-03-20
517.54,524.96,516.42,521.33,5361100.0,524.96,516.4191,521.33,517.54,5373949.0,1.0,0.0,VOO,ARCX,2025-03-19T00:00:00+0000,3,2025,19,2,1,2025-03-19
519.32,519.52,514.0708,515.91,4585974.0,519.52,514.0708,515.91,519.32,6010598.0,1.0,0.0,VOO,ARCX,2025-03-18T00:00:00+0000,3,2025,18,1,1,2025-03-18
517.45,523.8399,517.1,521.41,5870827.0,523.84,517.08,521.41,517.45,6269843.0,1.0,0.0,VOO,ARCX,2025-03-17T00:00:00+0000,3,2025,17,0,1,2025-03-17
511.28,518.42,510.84,517.46,7404200.0,518.42,510.84,517.46,511.28,7412261.0,1.0,0.0,VOO,ARCX,2025-03-14T00:00:00+0000,3,2025,14,4,1,2025-03-14
513.51,513.98,505.42,507.05,6064162.0,514.06,505.42,507.05,513.51,21649997.0,1.0,0.0,VOO,ARCX,2025-03-13T00:00:00+0000,3,2025,13,3,1,2025-03-13
516.89,517.74,509.1,513.76,8323555.0,517.74,509.1,513.76,516.89,8590555.0,1.0,0.0,VOO,ARCX,2025-03-12T00:00:00+0000,3,2025,12,2,1,2025-03-12
514.33,517.5299,507.53,511.28,9849030.0,517.5299,507.53,511.28,514.33,11208914.0,1.0,0.0,VOO,ARCX,2025-03-11T00:00:00+0000,3,2025,11,1,1,2025-03-11
521.9,523.68,510.83,515.51,10305087.0,523.7,510.83,515.51,521.9,10653050.0,1.0,0.0,VOO,ARCX,2025-03-10T00:00:00+0000,3,2025,10,0,1,2025-03-10
524.9,530.88,520.13,529.51,7288300.0,530.88,520.13,529.51,524.9,7308280.0,1.0,0.0,VOO,ARCX,2025-03-07T00:00:00+0000,3,2025,7,4,1,2025-03-07
529.19,533.4199,524.22,526.67,7183098.0,533.43,524.22,526.67,529.19,7228926.0,1.0,0.0,VOO,ARCX,2025-03-06T00:00:00+0000,3,2025,6,3,1,2025-03-06
530.25,537.7901,526.93,536.4,6128740.0,537.7901,526.93,536.4,530.25,6221745.0,1.0,0.0,VOO,ARCX,2025-03-05T00:00:00+0000,3,2025,5,2,1,2025-03-05
533.06,538.2799,526.16,530.45,9813016.0,538.2799,526.16,530.45,533.06,10477435.0,1.0,0.0,VOO,ARCX,2025-03-04T00:00:00+0000,3,2025,4,1,1,2025-03-04
548.2,549.29,533.25,536.92,7259500.0,549.29,533.251,536.92,548.2,7289998.0,1.0,0.0,VOO,ARCX,2025-03-03T00:00:00+0000,3,2025,3,0,1,2025-03-03
538.42,546.89,535.58,546.33,7306300.0,546.89,535.58,546.33,538.42,7328051.0,1.0,0.0,VOO,ARCX,2025-02-28T00:00:00+0000,2,2025,28,4,1,2025-02-28
548.83,549.88,537.6,537.97,5497000.0,549.88,537.6,537.97,548.83,5521351.0,1.0,0.0,VOO,ARCX,2025-02-27T00:00:00+0000,2,2025,27,3,1,2025-02-27
548.01,551.35,544.25,546.75,4169600.0,551.345,544.25,546.75,548.01,4180803.0,1.0,0.0,VOO,ARCX,2025-02-26T00:00:00+0000,2,2025,26,2,1,2025-02-26
549.18,549.77,542.17,546.41,5481400.0,549.77,542.1684,546.41,549.18,5491494.0,1.0,0.0,VOO,ARCX,2025-02-25T00:00:00+0000,2,2025,25,1,1,2025-02-25
553.61,554.51,548.5133,549.14,4655886.0,554.51,548.5133,549.14,553.61,4772255.0,1.0,0.0,VOO,ARCX,2025-02-24T00:00:00+0000,2,2025,24,0,1,2025-02-24
561.1,561.2,551.27,551.75,6135500.0,561.2,551.265,551.75,561.1,6148694.0,1.0,0.0,VOO,ARCX,2025-02-21T00:00:00+0000,2,2025,21,4,1,2025-02-21
562.39,562.48,558.22,561.3,4442200.0,562.4845,558.22,561.3,562.39,4446782.0,1.0,0.0,VOO,ARCX,2025-02-20T00:00:00+0000,2,2025,20,3,1,2025-02-20
561.02,563.92,560.53,563.67,3853100.0,563.92,560.531,563.67,561.02,3857561.0,1.0,0.0,VOO,ARCX,2025-02-19T00:00:00+0000,2,2025,19,2,1,2025-02-19
561.8,562.31,559.49,562.31,3804961.0,562.31,559.49,562.31,561.8,3844905.0,1.0,0.0,VOO,ARCX,2025-02-18T00:00:00+0000,2,2025,18,1,1,2025-02-18
560.9,561.86,560.07,560.69,3380570.0,561.86,560.07,560.69,560.9,3380570.0,1.0,0.0,VOO,ARCX,2025-02-14T00:00:00+0000,2,2025,14,4,1,2025-02-14
555.87,560.87,554.695,560.67,3317913.0,560.88,554.695,560.67,555.87,3388498.0,1.0,0.0,VOO,ARCX,2025-02-13T00:00:00+0000,2,2025,13,3,1,2025-02-13
551.0,555.915,550.395,554.81,3534464.0,555.915,550.39,554.81,551.0,3579483.0,1.0,0.0,VOO,ARCX,2025-02-12T00:00:00+0000,2,2025,12,2,1,2025-02-12
554.1,557.12,553.99,556.65,2746600.0,557.115,553.99,556.65,554.1,2752923.0,1.0,0.0,VOO,ARCX,2025-02-11T00:00:00+0000,2,2025,11,1,1,2025-02-11
555.44,556.7755,554.24,556.15,3407510.0,556.7755,554.24,556.15,555.44,3517552.0,1.0,0.0,VOO,ARCX,2025-02-10T00:00:00+0000,2,2025,10,0,1,2025-02-10
558.1,559.2,551.79,552.2,10155200.0,559.2,551.795,552.2,558.1,10161554.0,1.0,0.0,VOO,ARCX,2025-02-07T00:00:00+0000,2,2025,7,4,1,2025-02-07
557.29,557.65,554.19,557.62,3593187.0,557.65,554.19,557.62,557.29,3606299.0,1.0,0.0,VOO,ARCX,2025-02-06T00:00:00+0000,2,2025,6,3,1,2025-02-06
552.34,555.73,550.41,555.62,3403100.0,555.73,550.41,555.62,552.34,3424184.0,1.0,0.0,VOO,ARCX,2025-02-05T00:00:00+0000,2,2025,5,2,1,2025-02-05
549.7,553.83,549.24,553.35,4027997.0,553.83,549.23,553.35,549.7,4181413.0,1.0,0.0,VOO,ARCX,2025-02-04T00:00:00+0000,2,2025,4,1,1,2025-02-04
544.99,551.9599,542.99,549.7,7788367.0,551.9599,542.98,549.7,544.99,7824037.0,1.0,0.0,VOO,ARCX,2025-02-03T00:00:00+0000,2,2025,3,0,1,2025-02-03
558.62,560.89,552.71,553.33,6233900.0,560.89,552.71,553.33,558.62,6243322.0,1.0,0.0,VOO,ARCX,2025-01-31T00:00:00+0000,1,2025,31,4,1,2025-01-31
555.37,557.77,552.41,556.3,4057226.0,557.78,552.38,556.3,555.37,4296538.0,1.0,0.0,VOO,ARCX,2025-01-30T00:00:00+0000,1,2025,30,3,1,2025-01-30
555.17,555.5,550.97,553.41,4167800.0,555.5,550.9701,553.41,555.17,4174471.0,1.0,0.0,VOO,ARCX,2025-01-29T00:00:00+0000,1,2025,29,2,1,2025-01-29
552.3,556.65,549.22,555.85,4153200.0,556.65,549.22,555.85,552.3,4164674.0,1.0,0.0,VOO,ARCX,2025-01-28T00:00:00+0000,1,2025,28,1,1,2025-01-28
546.93,551.39,546.84,551.23,7507052.0,551.39,546.83,551.23,546.93,7617385.0,1.0,0.0,VOO,ARCX,2025-01-27T00:00:00+0000,1,2025,27,0,1,2025-01-27
560.76,561.66,558.02,559.01,3607300.0,561.66,558.02,559.01,560.76,3612141.0,1.0,0.0,VOO,ARCX,2025-01-24T00:00:00+0000,1,2025,24,4,1,2025-01-24
557.04,560.7,556.8,560.7,6168360.0,560.7,556.8,560.7,557.04,6217878.0,1.0,0.0,VOO,ARCX,2025-01-23T00:00:00+0000,1,2025,23,3,1,2025-01-23
557.19,558.93,556.73,557.61,4768400.0,558.9299,556.73,557.61,557.19,4780036.0,1.0,0.0,VOO,ARCX,2025-01-22T00:00:00+0000,1,2025,22,2,1,2025-01-22
552.32,554.46,550.5,554.46,5283100.0,554.46,550.5,554.46,552.32,5301678.0,1.0,0.0,VOO,ARCX,2025-01-21T00:00:00+0000,1,2025,21,1,1,2025-01-21
548.92,551.12,547.68,549.46,6558651.0,551.12,547.68,549.46,548.92,6558651.0,1.0,0.0,VOO,ARCX,2025-01-17T00:00:00+0000,1,2025,17,4,1,2025-01-17
546.35,546.51,543.39,544.24,3627700.0,546.51,543.39,544.24,546.35,3632752.0,1.0,0.0,VOO,ARCX,2025-01-16T00:00:00+0000,1,2025,16,3,1,2025-01-16
542.84,546.1299,541.7807,545.05,5281319.0,546.13,541.76,545.05,542.84,5307318.0,1.0,0.0,VOO,ARCX,2025-01-15T00:00:00+0000,1,2025,15,2,1,2025-01-15
537.32,537.9064,531.8149,535.26,8766411.0,537.9064,531.8149,535.26,537.32,8820003.0,1.0,0.0,VOO,ARCX,2025-01-14T00:00:00+0000,1,2025,14,1,1,2025-01-14
529.4,534.91,529.02,534.58,5593800.0,534.91,529.02,534.58,529.4,5621011.0,1.0,0.0,VOO,ARCX,2025-01-13T00:00:00+0000,1,2025,13,0,1,2025-01-13
538.71,538.75,532.0,533.89,7925600.0,538.75,532.0,533.89,538.71,7935202.0,1.0,0.0,VOO,ARCX,2025-01-10T00:00:00+0000,1,2025,10,4,1,2025-01-10
541.32,543.0,538.08,542.14,4268700.0,543.0,538.08,542.14,541.32,4316999.0,1.0,0.0,VOO,ARCX,2025-01-08T00:00:00+0000,1,2025,8,2,1,2025-01-08
549.32,549.6,539.56,541.41,5377400.0,549.6,539.56,541.41,549.32,5383235.0,1.0,0.0,VOO,ARCX,2025-01-07T00:00:00+0000,1,2025,7,1,1,2025-01-07
548.28,551.43,545.82,547.57,5974300.0,551.43,545.82,547.57,548.28,5983435.0,1.0,0.0,VOO,ARCX,2025-01-06T00:00:00+0000,1,2025,6,0,1,2025-01-06
540.19,544.88,539.2,544.4,6416300.0,544.88,539.2,544.4,540.19,6419663.0,1.0,0.0,VOO,ARCX,2025-01-03T00:00:00+0000,1,2025,3,4,1,2025-01-03
542.02,543.54,533.79,537.46,7135500.0,543.5399,533.795,537.46,542.02,7142698.0,1.0,0.0,VOO,ARCX,2025-01-02T00:00:00+0000,1,2025,2,3,1,2025-01-02
542.45,543.0651,537.4001,538.81,6040750.0,543.0651,537.4001,538.81,542.45,6040750.0,1.0,0.0,VOO,ARCX,2024-12-31T00:00:00+0000,12,2024,31,1,4,2024-12-31
540.56,544.09,537.4,540.99,6505089.0,544.09,537.4,540.99,540.56,6505089.0,1.0,0.0,VOO,ARCX,2024-12-30T00:00:00+0000,12,2024,30,0,4,2024-12-30
549.37,549.62,543.2001,547.08,7077135.0,549.62,543.2001,547.08,549.37,7077135.0,1.0,0.0,VOO,ARCX,2024-12-27T00:00:00+0000,12,2024,27,4,4,2024-12-27
551.2,553.97,549.9201,552.81,9142.0,553.97,549.9201,552.81,551.2,4496268.0,1.0,0.0,VOO,ARCX,2024-12-26T00:00:00+0000,12,2024,26,3,4,2024-12-26
548.06,552.9,547.54,552.82,3439250.0,552.9,547.54,552.82,548.06,3439250.0,1.0,0.0,VOO,ARCX,2024-12-24T00:00:00+0000,12,2024,24,1,4,2024-12-24
543.31,547.36,540.32,547.19,7063355.0,547.36,540.32,547.19,543.31,7063355.0,1.0,1.739,VOO,ARCX,2024-12-23T00:00:00+0000,12,2024,23,0,4,2024-12-23
536.61,549.54,535.85,545.04,9389413.0,549.54,535.85,543.3015,536.61,9389413.0,1.0,0.0,VOO,ARCX,2024-12-20T00:00:00+0000,12,2024,20,4,4,2024-12-20
543.69,545.09,538.66,538.94,8455268.0,545.1,538.65,538.94,543.69,16792125.0,1.0,0.0,VOO,ARCX,2024-12-19T00:00:00+0000,12,2024,19,3,4,2024-12-19
555.3,557.529,538.61,539.14,6504586.0,557.53,538.53,539.14,555.3,24584930.0,1.0,0.0,VOO,ARCX,2024-12-18T00:00:00+0000,12,2024,18,2,4,2024-12-18
555.47,556.39,554.29,555.45,6103300.0,556.385,554.29,555.45,555.47,6110880.0,1.0,0.0,VOO,ARCX,2024-12-17T00:00:00+0000,12,2024,17,1,4,2024-12-17
557.13,558.8,556.42,557.79,22841100.0,558.7983,556.415,557.79,557.13,22846779.0,1.0,0.0,VOO,ARCX,2024-12-16T00:00:00+0000,12,2024,16,0,4,2024-12-16
557.51,558.16,554.2,555.61,4661200.0,558.16,554.2044,555.61,557.51,4666863.0,1.0,0.0,VOO,ARCX,2024-12-13T00:00:00+0000,12,2024,13,4,4,2024-12-13
557.67,558.2,555.62,555.65,4030700.0,558.2,555.62,555.65,557.67,4048602.0,1.0,0.0,VOO,ARCX,2024-12-12T00:00:00+0000,12,2024,12,3,4,2024-12-12
556.92,559.39,556.66,558.53,3266331.0,559.39,556.66,558.53,556.92,3514417.0,1.0,0.0,VOO,ARCX,2024-12-11T00:00:00+0000,12,2024,11,2,4,2024-12-11
556.58,556.88,553.57,554.33,4073500.0,556.88,553.57,554.33,556.58,4110113.0,1.0,0.0,VOO,ARCX,2024-12-10T00:00:00+0000,12,2024,10,1,4,2024-12-10
558.71,558.865,555.38,555.91,4147290.0,558.865,555.38,555.91,558.71,4412276.0,1.0,0.0,VOO,ARCX,2024-12-09T00:00:00+0000,12,2024,9,0,4,2024-12-09
558.47,559.96,558.08,558.82,5130900.0,559.96,558.08,558.82,558.47,5134880.0,1.0,0.0,VOO,ARCX,2024-12-06T00:00:00+0000,12,2024,6,4,4,2024-12-06
558.63,559.41,557.46,557.71,3008100.0,559.41,557.46,557.71,558.63,3021561.0,1.0,0.0,VOO,ARCX,2024-12-05T00:00:00+0000,12,2024,5,3,4,2024-12-05
556.83,558.88,556.17,558.64,5472100.0,558.88,556.171,558.64,556.83,5490321.0,1.0,0.0,VOO,ARCX,2024-12-04T00:00:00+0000,12,2024,4,2,4,2024-12-04
554.8,555.43,553.79,555.14,4196700.0,555.4301,553.79,555.14,554.8,4202906.0,1.0,0.0,VOO,ARCX,2024-12-03T00:00:00+0000,12,2024,3,1,4,2024-12-03
554.36,555.57,553.89,555.01,5282639.0,555.57,553.89,555.01,554.36,5441011.0,1.0,0.0,VOO,ARCX,2024-12-02T00:00:00+0000,12,2024,2,0,4,2024-12-02
551.29,554.7,551.07,553.45,3988700.0,554.7,551.07,553.45,551.29,3981847.0,1.0,0.0,VOO,ARCX,2024-11-29T00:00:00+0000,11,2024,29,4,4,2024-11-29
552.04,552.38,549.11,550.55,3312219.0,552.38,549.11,550.55,552.04,3312219.0,1.0,0.0,VOO,ARCX,2024-11-27T00:00:00+0000,11,2024,27,2,4,2024-11-27
550.5,552.82,549.85,552.31,4425700.0,552.8199,549.85,552.31,550.5,4438574.0,1.0,0.0,VOO,ARCX,2024-11-26T00:00:00+0000,11,2024,26,1,4,2024-11-26
551.2,552.38,547.2,549.23,4286600.0,552.38,547.1999,549.23,551.2,4305001.0,1.0,0.0,VOO,ARCX,2024-11-25T00:00:00+0000,11,2024,25,0,4,2024-11-25
545.82,548.05,545.37,547.47,5569500.0,548.0496,545.37,547.47,545.82,5574588.0,1.0,0.0,VOO,ARCX,2024-11-22T00:00:00+0000,11,2024,22,4,4,2024-11-22
545.58,547.07,540.04,545.64,4526300.0,547.07,540.04,545.64,545.58,4530619.0,1.0,0.0,VOO,ARCX,2024-11-21T00:00:00+0000,11,2024,21,3,4,2024-11-21
542.78,543.07,537.44,542.9,3920319.0,543.07,537.44,542.9,542.78,3949060.0,1.0,0.0,VOO,ARCX,2024-11-20T00:00:00+0000,11,2024,20,2,4,2024-11-20
537.5,543.37,536.9,542.7,6970600.0,543.37,536.9,542.7,537.5,6978373.0,1.0,0.0,VOO,ARCX,2024-11-19T00:00:00+0000,11,2024,19,1,4,2024-11-19
538.92,541.93,538.145,540.73,4233220.0,541.93,538.145,540.73,538.92,4504246.0,1.0,0.0,VOO,ARCX,2024-11-18T00:00:00+0000,11,2024,18,0,4,2024-11-18
542.13,542.57,536.75,538.5,7354000.0,542.57,536.75,538.5,542.13,7360114.0,1.0,0.0,VOO,ARCX,2024-11-15T00:00:00+0000,11,2024,15,4,4,2024-11-15
549.1,549.57,544.88,545.54,3926800.0,549.57,544.88,545.54,549.1,3940282.0,1.0,0.0,VOO,ARCX,2024-11-14T00:00:00+0000,11,2024,14,3,4,2024-11-14
549.16,550.88,546.97,549.03,3692000.0,550.88,546.97,549.03,549.16,3701570.0,1.0,0.0,VOO,ARCX,2024-11-13T00:00:00+0000,11,2024,13,2,4,2024-11-13
550.39,550.94,546.43,548.75,4809100.0,550.94,546.43,548.75,550.39,4818613.0,1.0,0.0,VOO,ARCX,2024-11-12T00:00:00+0000,11,2024,12,1,4,2024-11-12
551.43,551.73,548.85,550.4,4885000.0,551.73,548.85,550.4,551.43,4893129.0,1.0,0.0,VOO,ARCX,2024-11-11T00:00:00+0000,11,2024,11,0,4,2024-11-11
548.07,551.24,548.06,549.95,6793700.0,551.24,548.06,549.95,548.07,6797976.0,1.0,0.0,VOO,ARCX,2024-11-08T00:00:00+0000,11,2024,8,4,4,2024-11-08
545.22,548.475,545.1801,547.53,5438646.0,548.475,545.15,547.53,545.22,6051276.0,1.0,0.0,VOO,ARCX,2024-11-07T00:00:00+0000,11,2024,7,3,4,2024-11-07
541.65,544.14,538.17,543.3,7254773.0,544.14,538.17,543.3,541.65,7483337.0,1.0,0.0,VOO,ARCX,2024-11-06T00:00:00+0000,11,2024,6,2,4,2024-11-06
524.72,530.17,524.48,530.1,2917312.0,530.17,524.48,530.1,524.72,3300279.0,1.0,0.0,VOO,ARCX,2024-11-05T00:00:00+0000,11,2024,5,1,4,2024-11-05
525.06,526.28,522.0301,523.8,3530559.0,526.28,522.0301,523.8,525.06,3681461.0,1.0,0.0,VOO,ARCX,2024-11-04T00:00:00+0000,11,2024,4,0,4,2024-11-04
525.16,529.08,524.54,524.94,6103800.0,529.08,524.5401,524.94,525.16,6106942.0,1.0,0.0,VOO,ARCX,2024-11-01T00:00:00+0000,11,2024,1,4,4,2024-11-01
529.09,529.23,522.51,522.67,7972774.0,529.23,522.51,522.67,529.09,7972774.0,1.0,0.0,VOO,ARCX,2024-10-31T00:00:00+0000,10,2024,31,3,4,2024-10-31
534.35,536.2,532.59,533.16,3045500.0,536.2,532.59,533.16,534.35,3067015.0,1.0,0.0,VOO,ARCX,2024-10-30T00:00:00+0000,10,2024,30,2,4,2024-10-30
533.12,535.82,531.75,534.77,3018200.0,535.82,531.75,534.77,533.12,3027611.0,1.0,0.0,VOO,ARCX,2024-10-29T00:00:00+0000,10,2024,29,1,4,2024-10-29
535.53,535.57,533.67,533.92,3391000.0,535.57,533.6708,533.92,535.53,3407971.0,1.0,0.0,VOO,ARCX,2024-10-28T00:00:00+0000,10,2024,28,0,4,2024-10-28
534.65,537.26,531.41,532.26,4318600.0,537.2601,531.414,532.26,534.65,4327190.0,1.0,0.0,VOO,ARCX,2024-10-25T00:00:00+0000,10,2024,25,4,4,2024-10-25
533.17,533.18,530.04,532.47,4469900.0,533.18,530.04,532.47,533.17,4477762.0,1.0,0.0,VOO,ARCX,2024-10-24T00:00:00+0000,10,2024,24,3,4,2024-10-24
534.28,534.72,528.02,531.27,5213200.0,534.72,528.02,531.27,534.28,5227754.0,1.0,0.0,VOO,ARCX,2024-10-23T00:00:00+0000,10,2024,23,2,4,2024-10-23
534.11,537.27,533.47,536.16,3360061.0,537.28,533.47,536.16,534.11,3366595.0,1.0,0.0,VOO,ARCX,2024-10-22T00:00:00+0000,10,2024,22,1,4,2024-10-22
536.72,537.61,533.71,536.53,3324851.0,537.61,533.71,536.53,536.72,3671431.0,1.0,0.0,VOO,ARCX,2024-10-21T00:00:00+0000,10,2024,21,0,4,2024-10-21
536.9,538.1,535.56,537.36,5067300.0,538.1,535.56,537.36,536.9,5070412.0,1.0,0.0,VOO,ARCX,2024-10-18T00:00:00+0000,10,2024,18,4,4,2024-10-18
538.62,538.76,535.15,535.3,3221400.0,538.76,535.15,535.3,538.62,3225297.0,1.0,0.0,VOO,ARCX,2024-10-17T00:00:00+0000,10,2024,17,3,4,2024-10-17
532.93,535.73,532.215,535.22,2532600.0,535.73,532.215,535.22,532.93,3237216.0,1.0,0.0,VOO,ARCX,2024-10-16T00:00:00+0000,10,2024,16,2,4,2024-10-16
537.38,537.61,531.82,532.98,4811330.0,537.61,531.82,532.98,537.38,4811330.0,1.0,0.0,VOO,ARCX,2024-10-15T00:00:00+0000,10,2024,15,1,4,2024-10-15
